"NUMERO_CANDIDATO","QTDE_VOTOS"
"10","126620"
"1000","1633284"
"1001","30414"
"1002","10161"
"1003","1031"
"1004","10060"
"1005","712"
"1006","14"
"1007","7064"
"1008","240"
"1009","460"
"1010","1473483"
"1011","189461"
"1012","183718"
"1013","10435"
"1014","4611"
"1015","4752"
"1016","645"
"1017","1326"
"1018","14984"
"1019","913"
"1020","32134"
"1021","10920"
"1022","41436"
"1023","66162"
"1024","809"
"1025","1395"
"1026","262"
"1027","1236"
"1028","824"
"1029","2292"
"1030","18728"
"1031","383"
"1032","2861"
"1033","109036"
"1034","1236"
"1035","1270"
"1036","2011"
"1037","1797"
"1038","963"
"1039","41"
"1040","33659"
"1041","3316"
"1042","1003"
"1043","257"
"1044","32198"
"1045","7610"
"1046","7948"
"1047","2274"
"1048","1024"
"1049","406"
"1050","5275"
"1051","3880"
"1052","346"
"1053","2520"
"1054","564"
"1055","14990"
"1056","220"
"1057","5722"
"1058","1715"
"1059","660"
"1060","5799"
"1061","2413"
"1062","1197"
"1063","723"
"1064","252"
"1065","4811"
"1066","7904"
"1067","953"
"1068","192"
"1069","522"
"1070","1574"
"1072","274"
"1073","20"
"1074","479"
"1075","14651"
"1076","323"
"1077","11505"
"1078","131064"
"1079","11407"
"1080","30615"
"1081","1301"
"1082","848"
"1083","848"
"1084","57"
"1085","80643"
"1086","317"
"1087","644"
"1088","787"
"1089","2236"
"1090","6084"
"1091","2171"
"1092","597"
"1093","1992"
"1094","768"
"1095","866"
"1096","21205"
"1097","1202"
"1098","1961"
"1099","12626"
"11","270956"
"1100","308745"
"1101","257"
"1102","980"
"1105","209304"
"1107","1375"
"1108","49"
"1111","1847988"
"1112","116996"
"1113","60695"
"1115","188028"
"1117","422"
"1118","2033"
"1119","1095"
"1120","621307"
"1121","109510"
"1122","618412"
"1123","147903"
"1125","62429"
"1127","1455"
"1129","572"
"1130","3340"
"1131","2015"
"1132","1589"
"1133","428018"
"1135","129"
"1140","8587"
"1144","367337"
"1145","213420"
"1149","27"
"1151","114685"
"1153","122"
"1155","188251"
"1156","235"
"1158","546"
"1159","530"
"1166","135290"
"1167","143"
"1170","59532"
"1171","1325"
"1172","1165"
"1177","19977"
"1178","30561"
"1187","2282"
"1188","1578"
"1190","72550"
"1193","4004"
"1199","210993"
"12","327350"
"1200","365865"
"1201","19261"
"1202","5217"
"1203","731"
"1204","541"
"1206","445"
"1207","3506"
"1208","331"
"1209","120"
"1210","11529"
"1211","95533"
"1212","1020975"
"1213","33731"
"1214","6541"
"1215","4331"
"1216","624"
"1217","32398"
"1218","10333"
"1220","16198"
"1221","157023"
"1222","85206"
"1223","11615"
"1224","520"
"1225","40934"
"1226","925"
"1227","619"
"1229","3724"
"1230","10336"
"1231","98511"
"1232","2860"
"1233","160171"
"1234","804810"
"1235","8050"
"1236","28669"
"1237","1409"
"1238","1637"
"1239","1376"
"1240","713"
"1241","492"
"1242","18180"
"1243","6636"
"1244","7518"
"1245","15934"
"1246","1064"
"1248","121"
"1249","337"
"1250","6091"
"1251","158"
"1252","240"
"1254","1439"
"1255","14532"
"1256","5741"
"1257","679"
"1258","3425"
"1260","9340"
"1261","650"
"1262","9876"
"1263","53"
"1264","505"
"1265","16794"
"1266","6035"
"1267","5719"
"1268","762"
"1269","20754"
"1270","1127"
"1277","25568"
"1278","226"
"1279","119"
"1280","2695"
"1283","441"
"1284","49"
"1286","111"
"1288","1166"
"1290","5613"
"1291","330"
"1292","152"
"1296","36"
"1297","617"
"1299","35478"
"13","1750181"
"1300","519166"
"1301","349782"
"1302","3611"
"1303","96510"
"1304","26362"
"1305","3935"
"1306","1505"
"1307","346135"
"1308","1352"
"1309","17022"
"1310","630305"
"1311","604784"
"1312","656566"
"1313","1595034"
"1314","552241"
"1315","218997"
"1316","308"
"1317","4100"
"1318","75539"
"1319","141"
"1320","211151"
"1321","304260"
"1322","641144"
"1323","22713"
"1324","1706"
"1325","8160"
"1327","62607"
"1328","7287"
"1330","339681"
"1331","535950"
"1332","82902"
"1333","520512"
"1334","33854"
"1335","101230"
"1336","109792"
"1337","5346"
"1339","312"
"1340","17627"
"1342","6633"
"1343","775"
"1344","25647"
"1345","254672"
"1346","111252"
"1347","5859"
"1349","693"
"1350","470830"
"1351","55047"
"1353","102082"
"1354","169834"
"1355","164485"
"1356","3603"
"1357","4414"
"1359","2193"
"1360","797"
"1361","5492"
"1363","199635"
"1365","11397"
"1366","33932"
"1367","15011"
"1368","54904"
"1369","75887"
"1370","283190"
"1371","1123"
"1372","834"
"1373","126623"
"1377","81528"
"1378","13190"
"1379","1108"
"1380","206135"
"1381","1198"
"1382","997"
"1386","149"
"1387","80181"
"1388","7242"
"1389","1734"
"1390","148322"
"1391","188181"
"1392","149"
"1393","1575"
"1394","6673"
"1395","396"
"1398","111400"
"1399","63918"
"14","210554"
"1400","259433"
"1401","8720"
"1402","2215"
"1403","703"
"1404","1395"
"1405","1414"
"1406","42576"
"1407","607"
"1408","1942"
"1409","2464"
"1410","255431"
"1411","188279"
"1412","115736"
"1413","21148"
"1414","1076210"
"1415","120120"
"1416","5053"
"1417","684"
"1418","712"
"1419","1183"
"1420","69308"
"1421","173"
"1422","8165"
"1423","97958"
"1424","272"
"1425","4882"
"1427","142"
"1428","201"
"1429","1990"
"1430","42017"
"1431","746"
"1432","1791"
"1433","187635"
"1434","112711"
"1435","1044"
"1436","13184"
"1437","539"
"1438","73949"
"1439","628"
"1440","19948"
"1441","6724"
"1442","3750"
"1443","6667"
"1444","156627"
"1445","60951"
"1446","732"
"1447","5085"
"1448","2398"
"1449","120"
"1450","19064"
"1451","105565"
"1452","115595"
"1453","18428"
"1454","1296"
"1455","13577"
"1456","186279"
"1457","691"
"1458","1123"
"1459","2062"
"1460","3200"
"1461","13680"
"1462","157"
"1463","382"
"1464","341"
"1465","195"
"1466","13477"
"1468","183"
"1469","541"
"1470","27315"
"1473","2288"
"1474","4447"
"1475","629"
"1476","124"
"1477","59229"
"1478","16903"
"1479","303"
"1480","771"
"1481","1390"
"1482","2086"
"1483","4281"
"1484","749"
"1485","599"
"1486","121"
"1489","2127"
"1490","98124"
"1491","10442"
"1492","530"
"1493","312"
"1494","4694"
"1495","195"
"1496","671"
"1497","2142"
"1498","11604"
"1499","13892"
"15","738841"
"1500","610825"
"1501","31731"
"1502","111126"
"1503","38339"
"1504","443"
"1505","89553"
"1506","2077"
"1507","11976"
"1508","36928"
"1509","106786"
"1510","913647"
"1511","763509"
"1512","150021"
"1513","362284"
"1514","27281"
"1515","2268048"
"1516","230786"
"1517","2719"
"1518","222355"
"1519","5616"
"1520","176845"
"1521","24622"
"1522","400284"
"1523","195072"
"1524","1812"
"1525","44610"
"1526","1071"
"1527","1241"
"1528","453"
"1529","12658"
"1530","311466"
"1531","588"
"1532","6239"
"1533","188998"
"1534","443"
"1535","211"
"1536","9436"
"1537","98"
"1539","325"
"1540","219910"
"1541","1213"
"1543","905"
"1544","46546"
"1545","49040"
"1546","12003"
"1547","253"
"1548","93"
"1550","119367"
"1551","3341"
"1552","3894"
"1553","329"
"1554","1045"
"1555","522593"
"1556","5467"
"1557","1022"
"1558","1223"
"1559","2550"
"1560","119218"
"1561","1874"
"1562","30169"
"1563","35813"
"1564","257"
"1565","1115"
"1566","72025"
"1567","54237"
"1568","7551"
"1569","2039"
"1570","322739"
"1571","199"
"1573","6398"
"1575","2193"
"1577","253274"
"1578","10922"
"1579","1033"
"1580","435154"
"1581","232"
"1583","2222"
"1584","50"
"1585","807"
"1588","78426"
"1589","424"
"1590","224399"
"1591","5162"
"1593","2293"
"1594","1145"
"1595","797"
"1596","22536"
"1597","360"
"1598","117"
"1599","26628"
"16","37120"
"1600","10350"
"1601","1288"
"1602","991"
"1603","26"
"1605","54"
"1606","3429"
"1609","67"
"1610","1593"
"1611","1575"
"1615","75"
"1616","106761"
"1617","2546"
"1618","161"
"1620","7607"
"1622","1640"
"1623","671"
"1630","579"
"1631","482"
"1633","5161"
"1640","913"
"1644","172"
"1651","160"
"1654","1217"
"1655","201"
"1657","48"
"1661","1420"
"1666","1625"
"1669","79"
"1671","29"
"1675","24"
"1677","40"
"1680","290"
"1688","168"
"1699","823"
"17","36082"
"1700","102814"
"1701","1874"
"1702","844"
"1703","306"
"1705","392"
"1707","971"
"1709","878"
"1710","46817"
"1711","2703"
"1712","2829"
"1713","5499"
"1714","5300"
"1715","1934"
"1717","151050"
"1718","7035"
"1719","1138"
"1720","25501"
"1721","109"
"1722","2371"
"1723","8359"
"1724","10512"
"1727","2889"
"1729","185"
"1730","685"
"1731","938"
"1733","39567"
"1735","2100"
"1737","7023"
"1738","221"
"1740","1476"
"1741","723"
"1744","24172"
"1745","1613"
"1746","23412"
"1747","902"
"1748","7069"
"1750","985"
"1753","39"
"1755","3850"
"1757","833"
"1761","323"
"1763","495"
"1765","716"
"1766","1948"
"1767","417"
"1770","5380"
"1771","2527"
"1773","432"
"1777","155860"
"1778","300"
"1779","485"
"1780","286"
"1781","143"
"1784","350"
"1785","30"
"1786","630"
"1787","12487"
"1788","5910"
"1789","97452"
"1790","1331"
"1791","11"
"1797","207"
"19","40328"
"1900","237403"
"1901","638"
"1902","371"
"1907","49997"
"1909","739"
"1910","2115"
"1911","3291"
"1912","5015"
"1913","1023"
"1914","3744"
"1915","41"
"1916","96"
"1917","176"
"1919","227025"
"1920","53475"
"1921","1057"
"1922","1604"
"1923","210"
"1924","250"
"1925","38"
"1927","216"
"1928","14"
"1932","571"
"1933","1568"
"1934","103"
"1936","850"
"1940","544"
"1944","15"
"1945","38027"
"1950","1249"
"1951","27"
"1953","160"
"1954","1641"
"1955","2256"
"1960","1514"
"1961","739"
"1963","5410"
"1965","653"
"1969","382"
"1971","411"
"1972","247"
"1975","920"
"1977","2808"
"1978","11610"
"1980","6631"
"1987","2818"
"1989","6327"
"1990","712"
"1991","111"
"1993","2832"
"1998","391"
"1999","8001"
"20","99840"
"2000","93397"
"2001","12965"
"2002","4029"
"2007","1172"
"2008","2415"
"2009","1829"
"2010","517869"
"2011","23418"
"2012","147240"
"2013","11612"
"2014","345312"
"2015","9811"
"2016","1676"
"2017","549"
"2019","1017"
"2020","817979"
"2021","7118"
"2022","14367"
"2023","85421"
"2024","5691"
"2025","2766"
"2027","420"
"2030","78527"
"2032","63"
"2033","1219"
"2034","356"
"2035","293"
"2039","47"
"2040","21514"
"2041","615"
"2042","1356"
"2044","1723"
"2045","15951"
"2050","2105"
"2052","4225"
"2055","289"
"2056","275"
"2057","595"
"2060","747"
"2063","38163"
"2066","6953"
"2067","385"
"2068","1223"
"2069","770"
"2070","82668"
"2071","448"
"2072","459"
"2073","30"
"2077","3540"
"2079","10179"
"2080","1320"
"2084","2104"
"2088","1323"
"2090","31720"
"2091","19912"
"2099","740"
"21","29726"
"2100","7107"
"2110","910"
"2111","3593"
"2112","2093"
"2114","314"
"2120","134"
"2121","10079"
"2122","6091"
"2123","4987"
"2125","159"
"2132","388"
"2133","224"
"2147","346"
"2151","601"
"2166","181"
"2170","657"
"2177","397"
"2190","107"
"2199","1319"
"22","186798"
"2200","258722"
"2201","1940"
"2202","25838"
"2204","2310"
"2206","318"
"2207","2622"
"2208","9557"
"2209","214"
"2210","36043"
"2211","113707"
"2212","20507"
"2213","7920"
"2214","18940"
"2215","1197"
"2216","8040"
"2218","28"
"2219","445"
"2220","61980"
"2221","12039"
"2222","2700262"
"2223","168772"
"2224","333"
"2225","1884"
"2226","20053"
"2228","3238"
"2230","7772"
"2232","2147"
"2233","553603"
"2234","2978"
"2235","12018"
"2236","15929"
"2237","219"
"2238","9215"
"2240","19515"
"2241","78"
"2242","3237"
"2243","6702"
"2244","38381"
"2245","138540"
"2246","16191"
"2247","636"
"2248","13903"
"2250","27168"
"2251","136"
"2252","1002"
"2255","185115"
"2256","26287"
"2257","3371"
"2258","13574"
"2260","1129"
"2261","1230"
"2262","13716"
"2263","13558"
"2264","12448"
"2265","3300"
"2266","110909"
"2267","4238"
"2269","40593"
"2270","20969"
"2271","16481"
"2274","235"
"2275","560"
"2276","172"
"2277","46034"
"2278","3268"
"2280","47157"
"2281","5091"
"2286","52"
"2288","180981"
"2290","175513"
"2291","764"
"2293","125"
"2295","959"
"2297","3149"
"2299","196502"
"23","79863"
"2300","170192"
"2301","1883"
"2302","308"
"2303","311"
"2307","563"
"2308","1059"
"2310","775"
"2311","29757"
"2312","31231"
"2313","140"
"2314","99"
"2315","1214"
"2320","17498"
"2321","1385"
"2322","56573"
"2323","900952"
"2324","2061"
"2325","3020"
"2326","159"
"2328","345"
"2330","1000"
"2332","3314"
"2333","27783"
"2334","5214"
"2338","41"
"2340","4409"
"2343","164760"
"2344","245"
"2345","287978"
"2347","185"
"2350","725"
"2351","36952"
"2355","36"
"2356","2680"
"2358","1214"
"2360","79399"
"2362","13533"
"2363","396"
"2365","25946"
"2370","204"
"2377","505"
"2388","1855"
"2393","1369"
"2399","2133"
"25","217287"
"2500","280940"
"2501","1611"
"2505","260327"
"2510","91913"
"2511","117110"
"2512","192532"
"2513","111526"
"2514","3332"
"2515","15256"
"2516","1011"
"2517","5381"
"2520","49617"
"2521","88"
"2522","360676"
"2523","884"
"2525","1240620"
"2526","162862"
"2529","4850"
"2530","97"
"2531","294"
"2532","572"
"2533","65205"
"2535","11515"
"2539","83"
"2540","254"
"2544","3354"
"2545","4528"
"2547","2250"
"2550","2362"
"2551","960"
"2552","121710"
"2555","277891"
"2556","697"
"2558","522"
"2560","7755"
"2562","1754"
"2565","444"
"2566","656"
"2567","107"
"2570","55254"
"2572","44"
"2575","354"
"2577","267413"
"2580","72571"
"2587","53193"
"2588","28839"
"2590","818"
"2599","81"
"27","18948"
"2700","55028"
"2701","636"
"2702","605"
"2703","244"
"2704","1642"
"2705","480"
"2706","652"
"2707","29508"
"2708","207"
"2709","888"
"2710","1869"
"2711","845"
"2712","8529"
"2713","4830"
"2715","6588"
"2716","16"
"2717","2090"
"2718","234"
"2719","2787"
"2720","6430"
"2721","351"
"2722","9445"
"2723","16926"
"2724","1221"
"2725","163"
"2726","1839"
"2727","142713"
"2728","3257"
"2729","3242"
"2730","733"
"2731","149"
"2732","839"
"2733","3881"
"2734","162"
"2735","8394"
"2736","649"
"2737","12249"
"2739","1335"
"2740","442"
"2744","535"
"2745","816"
"2746","322"
"2747","7989"
"2748","144"
"2750","2134"
"2751","3768"
"2752","90"
"2754","73"
"2755","1992"
"2757","402"
"2759","396"
"2760","267"
"2761","2955"
"2763","2261"
"2764","1038"
"2766","1037"
"2767","582"
"2768","725"
"2769","511"
"2770","674"
"2771","1081"
"2773","324"
"2775","308"
"2777","32719"
"2778","305"
"2781","3415"
"2785","333"
"2786","13"
"2787","84"
"2788","3255"
"2789","33212"
"2790","52695"
"2791","1452"
"2793","5449"
"2794","208"
"2797","2937"
"2798","15"
"2799","3503"
"28","23195"
"2800","85371"
"2801","789"
"2802","671"
"2803","1110"
"2804","17"
"2806","694"
"2808","4379"
"2810","3985"
"2811","15807"
"2812","24451"
"2813","1525"
"2814","336"
"2815","2484"
"2816","2150"
"2817","2489"
"2818","190"
"2819","511"
"2820","537"
"2821","1957"
"2822","4633"
"2823","4037"
"2824","2930"
"2825","209"
"2827","3037"
"2828","56536"
"2829","4055"
"2830","346"
"2831","162"
"2833","3535"
"2834","298"
"2835","2265"
"2838","7969"
"2840","2560"
"2843","280"
"2844","1323"
"2845","438"
"2848","115"
"2850","427"
"2851","14569"
"2852","83"
"2853","512"
"2854","402"
"2855","15121"
"2856","1428"
"2858","580"
"2860","159"
"2862","2058"
"2864","387"
"2866","594"
"2867","595"
"2868","843"
"2869","2042"
"2870","8037"
"2871","224"
"2876","1457"
"2877","23157"
"2878","8403"
"2880","4091"
"2882","3167"
"2883","422"
"2885","808"
"2888","88772"
"2889","2794"
"2890","6094"
"2893","391"
"2894","295"
"2897","259"
"2899","4378"
"29","4702"
"2909","568"
"2919","171"
"2929","6350"
"2939","216"
"2999","962"
"31","42859"
"3100","88652"
"3101","6963"
"3102","1622"
"3103","4528"
"3104","6028"
"3105","5034"
"3106","762"
"3107","439"
"3108","262"
"3109","3905"
"3110","4696"
"3111","51590"
"3112","13718"
"3113","16379"
"3114","1714"
"3116","192"
"3117","371"
"3118","3141"
"3119","1035"
"3120","243"
"3121","5586"
"3122","9195"
"3123","39385"
"3124","16404"
"3125","3109"
"3126","465"
"3128","850"
"3129","378"
"3130","3393"
"3131","301281"
"3132","10782"
"3133","117465"
"3134","519"
"3135","500"
"3136","1642"
"3137","9217"
"3138","133"
"3139","6749"
"3140","42082"
"3141","1250"
"3143","4097"
"3144","31258"
"3145","1520"
"3146","136"
"3147","6464"
"3148","222"
"3149","653"
"3150","2931"
"3151","987"
"3153","4956"
"3154","296"
"3155","8827"
"3156","2705"
"3159","181"
"3160","3712"
"3161","378"
"3162","444"
"3163","48"
"3165","700"
"3166","395"
"3167","987"
"3169","1579"
"3170","2053"
"3171","8976"
"3172","2757"
"3173","872"
"3174","326"
"3175","692"
"3176","449"
"3177","5914"
"3178","496"
"3179","220"
"3180","520"
"3181","236"
"3182","110"
"3183","251"
"3186","769"
"3187","553"
"3188","5010"
"3189","2756"
"3190","10470"
"3191","1395"
"3192","896"
"3193","9373"
"3197","456"
"3198","508"
"3199","2804"
"33","34970"
"3300","17808"
"3301","172"
"3302","167"
"3303","331"
"3305","19"
"3307","447"
"3310","3497"
"3311","4157"
"3312","6619"
"3313","6064"
"3314","4357"
"3315","220"
"3316","791"
"3319","67"
"3320","29481"
"3321","100"
"3322","5594"
"3323","7472"
"3325","111"
"3330","141"
"3331","32479"
"3332","503"
"3333","183493"
"3334","3826"
"3335","14241"
"3337","2321"
"3339","819"
"3340","2403"
"3343","697"
"3344","52881"
"3345","14784"
"3346","1013"
"3347","45"
"3350","346"
"3351","26"
"3354","227"
"3355","1808"
"3356","1541"
"3363","10748"
"3366","1293"
"3369","240"
"3370","478"
"3372","14"
"3377","3859"
"3378","91"
"3380","927"
"3388","7688"
"3390","2864"
"3393","13"
"3394","21"
"3396","740"
"3399","4319"
"36","25569"
"3600","20575"
"3601","1352"
"3602","233"
"3603","252"
"3604","71"
"3605","86"
"3606","434"
"3607","839"
"3608","169"
"3609","353"
"3610","9333"
"3611","10215"
"3612","5047"
"3613","3048"
"3614","457"
"3615","1129"
"3616","1231"
"3617","1310"
"3618","3262"
"3619","666"
"3621","6023"
"3622","7346"
"3623","2992"
"3624","693"
"3626","4370"
"3630","423"
"3631","1824"
"3632","586"
"3633","10612"
"3634","1562"
"3635","697"
"3636","58803"
"3637","40762"
"3639","522"
"3640","2491"
"3641","658"
"3643","480"
"3644","4017"
"3645","51539"
"3646","1003"
"3650","2650"
"3651","1105"
"3652","439"
"3653","1792"
"3655","1273"
"3656","503"
"3660","2132"
"3663","3159"
"3665","7446"
"3666","1955"
"3670","905"
"3672","190"
"3677","9596"
"3678","8663"
"3680","2539"
"3682","50"
"3688","19"
"3690","10411"
"3693","924"
"3696","1346"
"3699","3892"
"40","659999"
"4000","271066"
"4001","123522"
"4002","2835"
"4003","8224"
"4004","234992"
"4005","15254"
"4006","1359"
"4007","50000"
"4008","18154"
"4009","3944"
"4010","535945"
"4011","23744"
"4012","342650"
"4013","105338"
"4014","23887"
"4015","16091"
"4016","23806"
"4017","6801"
"4018","29894"
"4019","1395"
"4020","140134"
"4021","180637"
"4022","33981"
"4023","27374"
"4024","622"
"4025","5503"
"4026","5130"
"4027","975"
"4028","3260"
"4029","9546"
"4030","154594"
"4032","2265"
"4033","14699"
"4034","6997"
"4035","4289"
"4036","113482"
"4037","2349"
"4038","867"
"4039","294"
"4040","1221363"
"4041","107290"
"4042","11723"
"4043","14609"
"4044","180528"
"4045","202785"
"4046","639"
"4047","594"
"4048","1277"
"4050","376758"
"4051","14650"
"4053","424"
"4054","759"
"4055","64110"
"4056","40054"
"4057","55847"
"4058","455"
"4059","2872"
"4060","20834"
"4061","225"
"4062","373"
"4063","17855"
"4064","2825"
"4065","5375"
"4066","9832"
"4067","3159"
"4068","675"
"4069","2166"
"4070","182842"
"4071","196"
"4073","126"
"4074","726"
"4076","161"
"4077","112025"
"4078","8658"
"4079","6416"
"4080","296892"
"4081","402"
"4084","2728"
"4085","1106"
"4087","1507"
"4088","8357"
"4089","849"
"4090","10661"
"4091","409"
"4092","1976"
"4094","5912"
"4095","298"
"4096","102963"
"4097","4222"
"4098","88"
"4099","21641"
"43","196868"
"4300","142494"
"4301","24955"
"4302","4631"
"4303","33161"
"4304","1714"
"4305","705"
"4306","14008"
"4307","1299"
"4308","38378"
"4309","235"
"4310","35336"
"4311","153290"
"4312","12110"
"4313","25606"
"4314","2596"
"4315","11803"
"4316","5130"
"4317","1515"
"4318","1304"
"4319","2618"
"4320","2980"
"4321","212985"
"4322","31203"
"4323","29261"
"4324","1329"
"4325","3785"
"4326","23499"
"4327","177"
"4328","5234"
"4329","251"
"4330","61080"
"4331","1090"
"4332","17394"
"4333","61908"
"4334","3684"
"4335","532"
"4336","109591"
"4337","807"
"4338","106"
"4339","538"
"4340","17336"
"4341","3435"
"4342","4387"
"4343","207727"
"4344","102612"
"4345","18296"
"4346","1064"
"4347","235"
"4348","1617"
"4349","10643"
"4350","886"
"4351","817"
"4352","2614"
"4353","29145"
"4354","179"
"4355","31755"
"4356","90004"
"4357","300"
"4358","212"
"4359","958"
"4360","8619"
"4362","2232"
"4363","6477"
"4365","6283"
"4366","4262"
"4367","1463"
"4368","229"
"4369","3312"
"4370","17567"
"4371","803"
"4372","259"
"4373","1390"
"4375","982"
"4376","96"
"4377","54280"
"4378","36401"
"4379","811"
"4380","2640"
"4381","195"
"4382","46"
"4383","606"
"4384","628"
"4385","535"
"4386","48"
"4387","602"
"4388","49910"
"4389","370"
"4390","1076"
"4391","4902"
"4392","294"
"4393","945"
"4394","1307"
"4395","2940"
"4396","6574"
"4398","275"
"4399","16052"
"44","70697"
"4400","43949"
"4401","543"
"4402","88"
"4403","5493"
"4404","7598"
"4405","1141"
"4406","557"
"4407","1616"
"4408","360"
"4409","129"
"4410","91934"
"4411","15482"
"4412","6230"
"4413","4918"
"4414","2635"
"4415","27895"
"4416","773"
"4417","219"
"4419","188"
"4420","3589"
"4421","1065"
"4422","18280"
"4423","1000"
"4424","397"
"4425","1872"
"4427","233"
"4428","394"
"4429","203"
"4431","288"
"4432","290"
"4433","74890"
"4434","1049"
"4436","147"
"4437","224"
"4440","3058"
"4441","1185"
"4442","639"
"4443","336"
"4444","222476"
"4445","5439"
"4446","734"
"4447","1270"
"4448","284"
"4450","2044"
"4451","1716"
"4452","1711"
"4454","3057"
"4455","20285"
"4456","15683"
"4457","229"
"4458","323"
"4461","14"
"4462","230"
"4464","405"
"4465","2657"
"4466","1323"
"4467","1216"
"4468","319"
"4469","15505"
"4470","1961"
"4474","505"
"4476","168"
"4477","29241"
"4478","2905"
"4480","579"
"4484","485"
"4488","5388"
"4490","3048"
"4491","241"
"4492","3"
"4493","211"
"4494","2598"
"4495","292"
"4496","1270"
"4499","1631"
"45","1927681"
"4500","1037064"
"4501","4481"
"4502","2669"
"4503","795"
"4504","2107"
"4505","13101"
"4506","187"
"4507","925"
"4508","2936"
"4509","15920"
"4510","429504"
"4511","243739"
"4512","124831"
"4513","73223"
"4514","4148"
"4515","311037"
"4516","19954"
"4517","155971"
"4518","83"
"4519","2696"
"4520","121218"
"4521","1023"
"4522","143681"
"4523","14019"
"4524","24750"
"4525","3305"
"4526","387"
"4527","598"
"4528","472"
"4530","42397"
"4532","2915"
"4533","76947"
"4535","131575"
"4537","435"
"4540","176444"
"4543","1370"
"4544","209819"
"4545","2006192"
"4546","4780"
"4547","173249"
"4550","360064"
"4551","149403"
"4552","737"
"4553","2359"
"4554","18001"
"4555","643890"
"4556","34734"
"4557","5249"
"4558","378"
"4560","143901"
"4561","3374"
"4562","1922"
"4563","4025"
"4565","379396"
"4566","199333"
"4567","619352"
"4568","7127"
"4569","1458"
"4570","5478"
"4573","1669"
"4574","711"
"4575","2837"
"4577","169818"
"4578","84355"
"4579","527"
"4580","228539"
"4581","2549"
"4585","178606"
"4587","429"
"4588","13913"
"4589","207"
"4590","203604"
"4591","155"
"4592","85"
"4593","88"
"4595","291"
"4596","311"
"4597","678"
"4598","885"
"4599","122698"
"50","255376"
"5000","87094"
"5001","28680"
"5002","12849"
"5003","822"
"5004","998"
"5005","173943"
"5006","4872"
"5007","3317"
"5008","2052"
"5009","3828"
"5010","32153"
"5011","18282"
"5012","14750"
"5013","6013"
"5014","3971"
"5015","7745"
"5016","419"
"5017","639"
"5018","775"
"5019","4440"
"5020","60680"
"5021","17618"
"5022","5096"
"5023","3427"
"5024","1961"
"5025","4386"
"5026","1750"
"5027","457"
"5028","1746"
"5029","2568"
"5030","13695"
"5031","331"
"5032","2849"
"5033","9156"
"5034","835"
"5035","196"
"5036","1287"
"5037","12300"
"5038","2436"
"5039","1589"
"5040","1749"
"5041","212"
"5042","706"
"5043","482"
"5044","17253"
"5045","6311"
"5046","453"
"5047","2724"
"5048","174"
"5049","124"
"5050","689505"
"5051","13655"
"5052","3186"
"5053","1148"
"5054","564"
"5055","47830"
"5056","8377"
"5057","2712"
"5058","3615"
"5059","185"
"5060","7568"
"5061","585"
"5062","7406"
"5063","238"
"5064","243"
"5065","2819"
"5066","1471"
"5067","1911"
"5068","956"
"5069","616"
"5070","9685"
"5071","716"
"5072","5617"
"5073","258"
"5074","393"
"5075","11710"
"5076","16463"
"5077","6854"
"5078","10752"
"5079","181"
"5080","4129"
"5081","1926"
"5083","244"
"5084","159"
"5085","119"
"5086","321"
"5087","61"
"5088","20560"
"5089","9373"
"5090","11336"
"5091","2996"
"5092","51"
"5093","747"
"5094","78"
"5095","885"
"5096","6556"
"5097","276"
"5098","500"
"5099","12175"
"51","33301"
"5100","8882"
"5101","1484"
"5102","52"
"5103","322"
"5104","270"
"5105","1777"
"5106","292"
"5107","9528"
"5108","930"
"5109","120"
"5110","25020"
"5111","31926"
"5112","10481"
"5113","1824"
"5114","2807"
"5115","31214"
"5117","369"
"5118","2313"
"5119","714"
"5120","2768"
"5121","7014"
"5122","55524"
"5123","58546"
"5125","7028"
"5126","1161"
"5127","387"
"5128","1095"
"5129","347"
"5130","1652"
"5131","992"
"5132","2338"
"5133","31980"
"5134","319"
"5136","925"
"5137","6187"
"5138","6317"
"5140","804"
"5141","472"
"5144","1059"
"5145","532"
"5147","5253"
"5148","2698"
"5149","1423"
"5150","6807"
"5151","208579"
"5152","10672"
"5153","604"
"5154","2759"
"5155","7507"
"5156","4095"
"5158","1874"
"5160","4994"
"5161","533"
"5162","173"
"5165","89"
"5166","2774"
"5168","955"
"5169","1600"
"5170","3338"
"5172","799"
"5174","63"
"5176","47"
"5177","13640"
"5180","3257"
"5181","384"
"5182","659"
"5183","85"
"5184","301"
"5185","176"
"5186","2435"
"5187","1389"
"5188","3171"
"5190","9916"
"5191","2132"
"5192","19024"
"5193","1813"
"5195","565"
"5196","437"
"5198","413"
"5199","11015"
"54","37648"
"5400","11013"
"5410","3713"
"5412","9114"
"5413","480"
"5415","660"
"5421","334"
"5423","456"
"5424","77"
"5431","237"
"5432","562"
"5433","326"
"5435","122"
"5440","15624"
"5444","7070"
"5445","3037"
"5451","973"
"5454","47334"
"5455","513"
"5456","2536"
"5474","992"
"5477","2351"
"5480","217"
"5499","3957"
"55","329992"
"5500","508742"
"5501","217500"
"5505","12760"
"5507","4353"
"5509","18"
"5510","287084"
"5511","29629"
"5512","91812"
"5513","42058"
"5515","153324"
"5520","225"
"5521","57258"
"5522","159848"
"5523","1748"
"5524","1061"
"5525","89453"
"5526","74"
"5528","66215"
"5529","77045"
"5530","176"
"5531","52"
"5532","4443"
"5533","285401"
"5537","5"
"5538","4"
"5540","109346"
"5543","4349"
"5544","168525"
"5545","195841"
"5550","158907"
"5555","1551390"
"5556","14578"
"5560","2046"
"5561","377"
"5566","181722"
"5567","110322"
"5569","2006"
"5570","83897"
"5571","2594"
"5575","8818"
"5577","278588"
"5578","102"
"5579","333"
"5580","191223"
"5586","18444"
"5588","150551"
"5589","764"
"5590","74189"
"5593","55380"
"5595","382"
"5596","23807"
"5599","161735"
"65","113396"
"6500","100711"
"6501","908"
"6510","343260"
"6512","34062"
"6513","48452"
"6514","470"
"6515","11689"
"6520","26"
"6522","75639"
"6530","3212"
"6533","961"
"6536","250"
"6540","41226"
"6541","16643"
"6543","28"
"6544","2461"
"6545","2244"
"6554","29237"
"6555","38721"
"6556","1973"
"6560","399"
"6565","1033181"
"6566","11435"
"6567","2061"
"6569","740"
"6577","681"
"6578","9"
"6580","1528"
"6599","13"
"70","21175"
"7000","97661"
"7001","11261"
"7002","1556"
"7003","674"
"7004","986"
"7005","3831"
"7006","1305"
"7007","7360"
"7008","3768"
"7009","840"
"7010","44107"
"7011","41953"
"7012","62892"
"7013","1304"
"7014","4052"
"7015","2599"
"7016","4584"
"7017","1465"
"7018","1030"
"7019","2073"
"7020","38428"
"7021","7559"
"7022","4084"
"7023","3535"
"7024","6292"
"7025","4857"
"7026","376"
"7027","683"
"7028","952"
"7029","257"
"7030","5956"
"7031","3519"
"7032","151"
"7033","6078"
"7034","210"
"7035","2875"
"7036","1687"
"7037","1362"
"7038","139"
"7040","11639"
"7041","2734"
"7042","588"
"7043","535"
"7044","10727"
"7045","3196"
"7047","176"
"7049","4696"
"7050","13635"
"7051","185"
"7052","103"
"7055","741"
"7056","303"
"7057","3519"
"7058","319"
"7059","695"
"7060","1291"
"7061","328"
"7063","1407"
"7064","4327"
"7065","11367"
"7066","1630"
"7067","287"
"7068","115"
"7069","92"
"7070","203895"
"7071","591"
"7072","3725"
"7073","754"
"7074","802"
"7076","1368"
"7077","48571"
"7080","10359"
"7081","4226"
"7082","839"
"7083","796"
"7084","184"
"7085","754"
"7087","4234"
"7088","22417"
"7089","13779"
"7090","17739"
"7092","1054"
"7093","493"
"7094","420"
"7096","1448"
"7097","465"
"7098","718"
"7099","15087"
"77","68062"
"7700","8658"
"7701","8433"
"7702","55"
"7705","1252"
"7706","86"
"7707","3396"
"7708","2558"
"7709","62"
"7710","13892"
"7711","63911"
"7712","118037"
"7713","40424"
"7714","1164"
"7717","6486"
"7720","121"
"7721","1702"
"7722","14090"
"7723","27755"
"7725","35701"
"7727","3663"
"7729","756"
"7731","54"
"7732","210"
"7733","86412"
"7734","7552"
"7735","2521"
"7737","824"
"7741","16069"
"7744","9696"
"7745","93986"
"7747","57472"
"7749","375"
"7750","568"
"7751","2169"
"7752","1024"
"7755","11926"
"7756","279"
"7757","9660"
"7760","1014"
"7761","447"
"7762","14954"
"7765","848"
"7766","3767"
"7768","164"
"7769","58"
"7770","1232"
"7771","2178"
"7772","891"
"7773","2145"
"7775","935"
"7777","1653832"
"7778","11830"
"7779","6511"
"7782","888"
"7787","9228"
"7788","108337"
"7789","65630"
"7790","434"
"7791","254"
"7799","109243"
"90","97177"
"9000","172007"
"9001","22151"
"9007","1421"
"9009","3343"
"9010","179383"
"9011","64904"
"9012","6530"
"9013","27678"
"9014","2113"
"9015","1159"
"9016","576"
"9020","377"
"9022","4240"
"9024","11"
"9025","2323"
"9030","3709"
"9032","109"
"9033","6702"
"9040","9796"
"9044","46649"
"9045","384"
"9049","991"
"9055","86748"
"9070","10014"
"9077","76"
"9080","304"
"9088","79"
"9090","1087534"
"9091","3218"
"9095","115"
"9096","82"
"9098","8515"
"9099","127201"
